filename,avg_sentiment,sum_sentiment,avg_magnitude,sum_magnitude,num_tweets
test2,-0.05681818232617595,-2.500000022351742,0.336363640867851,14.800000198185444,44
